{"cameraMode":{"drawMode":0,"name":"Shaded","section":"Shading Mode"},"sceneLighting":false,"audioPlay":false,"sceneViewState":{"showFog":true,"showMaterialUpdate":false,"showSkybox":false,"showFlares":true,"showImageEffects":true,"showParticleSystems":true},"in2DMode":false,"pivot":{"x":2.384185791015625e-7,"y":-1.5163761377334595,"z":9.77500057220459},"rotation":{"x":0.015631750226020814,"y":0.7886546850204468,"z":0.020143931731581689,"w":-0.614344596862793},"size":3.7831223011016847,"orthographic":true}