{"cameraMode":{"drawMode":0,"name":"Shaded","section":"Shading Mode"},"sceneLighting":false,"audioPlay":false,"sceneViewState":{"showFog":true,"showMaterialUpdate":false,"showSkybox":false,"showFlares":true,"showImageEffects":true,"showParticleSystems":true},"in2DMode":false,"pivot":{"x":3.3529319763183595,"y":4.517951965332031,"z":-0.5915870070457459},"rotation":{"x":0.14412237703800202,"y":0.08745481818914414,"z":-0.01278875395655632,"w":0.9856067895889282},"size":7.56760311126709,"orthographic":false}