{"cameraMode":{"drawMode":0,"name":"Shaded","section":"Shading Mode"},"sceneLighting":true,"audioPlay":false,"sceneViewState":{"showFog":true,"showMaterialUpdate":false,"showSkybox":true,"showFlares":true,"showImageEffects":true,"showParticleSystems":true},"in2DMode":false,"pivot":{"x":-0.660027265548706,"y":1.3491467237472535,"z":5.580264091491699},"rotation":{"x":-0.024294236674904825,"y":0.018303748220205308,"z":-0.00044439415796659887,"w":-0.9995632767677307},"size":9.201437950134278,"orthographic":true}