{"cameraMode":{"drawMode":0,"name":"Shaded","section":"Shading Mode"},"sceneLighting":false,"audioPlay":false,"sceneViewState":{"showFog":true,"showMaterialUpdate":false,"showSkybox":false,"showFlares":true,"showImageEffects":true,"showParticleSystems":true},"in2DMode":false,"pivot":{"x":0.2109934687614441,"y":-1.51637601852417,"z":15.354007720947266},"rotation":{"x":0.30365821719169619,"y":0.28476086258888247,"z":-0.09563253074884415,"w":0.9041894674301148},"size":3.7713372707366945,"orthographic":false}