{"cameraMode":{"drawMode":0,"name":"Shaded","section":"Shading Mode"},"sceneLighting":false,"audioPlay":false,"sceneViewState":{"showFog":true,"showMaterialUpdate":false,"showSkybox":false,"showFlares":true,"showImageEffects":true,"showParticleSystems":true},"in2DMode":false,"pivot":{"x":0.42550525069236758,"y":-1.1157751083374024,"z":12.941308975219727},"rotation":{"x":0.12228795886039734,"y":0.08030052483081818,"z":-0.009927160106599331,"w":0.9891923069953919},"size":18.86025047302246,"orthographic":false}